{
  "hash": "fdaccddd",
  "configHash": "b29f307d",
  "lockfileHash": "6c470d04",
  "browserHash": "a9e6169a",
  "optimized": {
    "@angular/common": {
      "src": "../../../../../node_modules/@angular/common/fesm2022/common.mjs",
      "file": "@angular_common.js",
      "fileHash": "7ba17480",
      "needsInterop": false
    },
    "@angular/core": {
      "src": "../../../../../node_modules/@angular/core/fesm2022/core.mjs",
      "file": "@angular_core.js",
      "fileHash": "732a91cb",
      "needsInterop": false
    },
    "@angular/forms": {
      "src": "../../../../../node_modules/@angular/forms/fesm2022/forms.mjs",
      "file": "@angular_forms.js",
      "fileHash": "c380099d",
      "needsInterop": false
    },
    "@angular/platform-browser": {
      "src": "../../../../../node_modules/@angular/platform-browser/fesm2022/platform-browser.mjs",
      "file": "@angular_platform-browser.js",
      "fileHash": "cec7abaf",
      "needsInterop": false
    },
    "@angular/router": {
      "src": "../../../../../node_modules/@angular/router/fesm2022/router.mjs",
      "file": "@angular_router.js",
      "fileHash": "8a081545",
      "needsInterop": false
    }
  },
  "chunks": {
    "chunk-RLC3K7PO": {
      "file": "chunk-RLC3K7PO.js"
    },
    "chunk-NP3EKZ2C": {
      "file": "chunk-NP3EKZ2C.js"
    },
    "chunk-3JF4NTC2": {
      "file": "chunk-3JF4NTC2.js"
    }
  }
}