{
  "hash": "da3135ed",
  "configHash": "a7592e98",
  "lockfileHash": "e7363a6b",
  "browserHash": "39fcb066",
  "optimized": {
    "@angular/common": {
      "src": "../../../../../node_modules/@angular/common/fesm2022/common.mjs",
      "file": "@angular_common.js",
      "fileHash": "65523cb9",
      "needsInterop": false
    },
    "@angular/core": {
      "src": "../../../../../node_modules/@angular/core/fesm2022/core.mjs",
      "file": "@angular_core.js",
      "fileHash": "c56e35ba",
      "needsInterop": false
    },
    "@angular/platform-browser": {
      "src": "../../../../../node_modules/@angular/platform-browser/fesm2022/platform-browser.mjs",
      "file": "@angular_platform-browser.js",
      "fileHash": "935ff410",
      "needsInterop": false
    },
    "@angular/router": {
      "src": "../../../../../node_modules/@angular/router/fesm2022/router.mjs",
      "file": "@angular_router.js",
      "fileHash": "68c53a00",
      "needsInterop": false
    }
  },
  "chunks": {
    "chunk-KXGEEABP": {
      "file": "chunk-KXGEEABP.js"
    },
    "chunk-D4CVIIVF": {
      "file": "chunk-D4CVIIVF.js"
    },
    "chunk-4SRVQOJF": {
      "file": "chunk-4SRVQOJF.js"
    }
  }
}